gene_name,gene_id,function
HIS1,YER055C,Amino acid anabolism
HIS2,YFR025C,Amino acid anabolism
HIS3,YOR202W,Amino acid anabolism
HIS4,YCL030C,Amino acid anabolism
HIS5,YIL116W,Amino acid anabolism
HIS6,YIL020C,Amino acid anabolism
HIS7,YBR248C,Amino acid anabolism
LYS2,YBR115C,Amino acid anabolism
LYS4,YDR234W,Amino acid anabolism
LYS9,YNR050C,Amino acid anabolism
LYS12,YIL094C,Amino acid anabolism
LYS20,YDL182W,Amino acid anabolism
ARG4,YHR018C,Amino acid anabolism
PRO2,YOR323C,Amino acid anabolism
PRO3,YER023W,Amino acid anabolism
LEU1,YGL009C,Amino acid anabolism
LEU4,YNL104C,Amino acid anabolism
LEU9,YOR108W,Amino acid anabolism
OAC1,YKL120W,Amino acid anabolism
ILV3,YJR016C,Amino acid anabolism
ILV5,YLR355C,Amino acid anabolism
ARO1,YDR127W,Amino acid anabolism
ARO2,YGL148W,Amino acid anabolism
ARO3,YDR035W,Amino acid anabolism
ARO4,YBR249C,Amino acid anabolism
ARO8,YGL202W,Amino acid anabolism
TRP1,YDR007W,Amino acid anabolism
TRP2,YER090W,Amino acid anabolism
TRP3,YKL211C,Amino acid anabolism
TRP4,YDR354W,Amino acid anabolism
TRP5,YGL026C,Amino acid anabolism
ASN1,YPR145W,Amino acid anabolism
ASN2,YGR124W,Amino acid anabolism
GLT1,YDL171C,Amino acid anabolism
GDH1,YOR375C,Amino acid anabolism
GLN1,YPR035W,Amino acid anabolism
PUT1,YLR142W,Amino acid catabolism
STR3,YGL184C,Amino acid catabolism
CAR1,YPL111W,Amino acid catabolism
ARO9,YHR137W,Amino acid catabolism
ARO10,YDR380W,Amino acid catabolism
PDC6,YGR087C,Amino acid catabolism
GRE2,YOL151W,Amino acid catabolism
